,coeficiente,odds_ratio,or_ic95_inf,or_ic95_sup,p_valor,VIF
const,-3.9579,0.0191,0.0107,0.0343,0.0,
log_valor,-0.0295,0.971,0.8856,1.0646,0.5304,1.023
atraso_dias,0.0058,1.0058,0.9942,1.0175,0.3307,1.9266
flag_atraso,0.0695,1.072,0.7202,1.5957,0.732,1.9702
produto_duravel,-0.1495,0.8611,0.7429,0.9982,0.0473,1.008
nota_primeira,0.0385,1.0393,0.9669,1.117,0.2955,1.5246
sent_liquido,0.1545,1.1671,1.0012,1.3605,0.0482,1.3695
uf_BA,-0.4164,0.6594,0.4181,1.0399,0.0732,1.058
uf_DF,-0.3626,0.6958,0.3983,1.2157,0.2027,1.0323
uf_ES,-0.2441,0.7834,0.465,1.3197,0.3589,1.0335
uf_GO,-0.243,0.7843,0.4654,1.3217,0.3615,1.0348
uf_MG,-0.1468,0.8634,0.6867,1.0856,0.2088,1.1617
uf_OUTROS,-0.5967,0.5506,0.4079,0.7433,0.0001,1.1725
uf_PR,-0.394,0.6744,0.4656,0.9768,0.0371,1.0748
uf_RJ,-0.1469,0.8633,0.69,1.0802,0.1987,1.1826
uf_RS,-0.2221,0.8008,0.581,1.1038,0.1749,1.0921
uf_SC,-0.5634,0.5693,0.3616,0.8961,0.0149,1.06
mes_2,-0.0149,0.9852,0.7443,1.304,0.917,1.7717
mes_3,0.051,1.0523,0.7288,1.5194,0.7856,1.3278
mes_4,0.1718,1.1875,0.8051,1.7515,0.3862,1.2471
mes_5,0.2477,1.281,0.9237,1.7765,0.1377,1.368
mes_6,-0.0021,0.9979,0.689,1.4455,0.9913,1.3296
mes_7,0.0084,1.0085,0.7152,1.4219,0.9617,1.4054
mes_8,0.2586,1.2951,0.9505,1.7646,0.1014,1.436
mes_9,0.2561,1.2919,0.9442,1.7675,0.1094,1.4402
mes_10,-0.1772,0.8376,0.5961,1.177,0.3073,1.48
mes_11,-0.0569,0.9447,0.7025,1.2702,0.7063,1.7454
mes_12,-0.1388,0.8704,0.6326,1.1976,0.394,1.5426
